{
    "name": "root",
    "metadata": {
        "timer_format_version": "0.1.0",
        "start_time_seconds": "1638791834",
        "python_version": "3.8.8 (tags/v3.8.8:024d805, Feb 19 2021, 13:18:16) [MSC v.1928 64 bit (AMD64)]",
        "command_line_arguments": "C:\\Users\\Mateusz\\Documents\\GitHub\\Enemy-AI-Project\\venv\\Scripts\\mlagents-learn config\\enemyAI.yaml --run-id=KrzychTest --time-scale=5",
        "mlagents_version": "0.27.0",
        "mlagents_envs_version": "0.27.0",
        "communication_protocol_version": "1.5.0",
        "pytorch_version": "1.7.0+cu110",
        "numpy_version": "1.21.4",
        "end_time_seconds": "1638791935"
    },
    "total": 101.0068236,
    "count": 1,
    "self": 0.006103100000004247,
    "children": {
        "run_training.setup": {
            "total": 0.13593610000000034,
            "count": 1,
            "self": 0.13593610000000034
        },
        "TrainerController.start_learning": {
            "total": 100.8647844,
            "count": 1,
            "self": 0.11183519999984526,
            "children": {
                "TrainerController._reset_env": {
                    "total": 10.0233433,
                    "count": 1,
                    "self": 10.0233433
                },
                "TrainerController.advance": {
                    "total": 90.62207470000014,
                    "count": 4450,
                    "self": 0.052890999999846144,
                    "children": {
                        "env_step": {
                            "total": 90.5691837000003,
                            "count": 4450,
                            "self": 73.82437610000059,
                            "children": {
                                "SubprocessEnvManager._take_step": {
                                    "total": 16.69180139999962,
                                    "count": 4450,
                                    "self": 0.2904778999996367,
                                    "children": {
                                        "TorchPolicy.evaluate": {
                                            "total": 16.401323499999982,
                                            "count": 4447,
                                            "self": 5.13534669999949,
                                            "children": {
                                                "TorchPolicy.sample_actions": {
                                                    "total": 11.265976800000493,
                                                    "count": 4447,
                                                    "self": 11.265976800000493
                                                }
                                            }
                                        }
                                    }
                                },
                                "workers": {
                                    "total": 0.05300620000008749,
                                    "count": 4449,
                                    "self": 0.0,
                                    "children": {
                                        "worker_root": {
                                            "total": 92.01646349999973,
                                            "count": 4449,
                                            "is_parallel": true,
                                            "self": 23.261712899999907,
                                            "children": {
                                                "steps_from_proto": {
                                                    "total": 0.0005299000000000831,
                                                    "count": 1,
                                                    "is_parallel": true,
                                                    "self": 0.00030010000000046944,
                                                    "children": {
                                                        "_process_rank_one_or_two_observation": {
                                                            "total": 0.00022979999999961365,
                                                            "count": 2,
                                                            "is_parallel": true,
                                                            "self": 0.00022979999999961365
                                                        }
                                                    }
                                                },
                                                "UnityEnvironment.step": {
                                                    "total": 68.75422069999982,
                                                    "count": 4449,
                                                    "is_parallel": true,
                                                    "self": 0.39610599999892315,
                                                    "children": {
                                                        "UnityEnvironment._generate_step_input": {
                                                            "total": 0.40779670000044277,
                                                            "count": 4449,
                                                            "is_parallel": true,
                                                            "self": 0.40779670000044277
                                                        },
                                                        "communicator.exchange": {
                                                            "total": 66.54930460000055,
                                                            "count": 4449,
                                                            "is_parallel": true,
                                                            "self": 66.54930460000055
                                                        },
                                                        "steps_from_proto": {
                                                            "total": 1.4010133999998953,
                                                            "count": 4449,
                                                            "is_parallel": true,
                                                            "self": 0.8997392000003082,
                                                            "children": {
                                                                "_process_rank_one_or_two_observation": {
                                                                    "total": 0.5012741999995871,
                                                                    "count": 8898,
                                                                    "is_parallel": true,
                                                                    "self": 0.5012741999995871
                                                                }
                                                            }
                                                        }
                                                    }
                                                }
                                            }
                                        }
                                    }
                                }
                            }
                        }
                    }
                },
                "trainer_threads": {
                    "total": 2.1700000004898357e-05,
                    "count": 1,
                    "self": 2.1700000004898357e-05,
                    "children": {
                        "thread_root": {
                            "total": 0.0,
                            "count": 0,
                            "is_parallel": true,
                            "self": 0.0,