{
    "name": "root",
    "metadata": {
        "timer_format_version": "0.1.0",
        "start_time_seconds": "1638978816",
        "python_version": "3.8.8 (tags/v3.8.8:024d805, Feb 19 2021, 13:18:16) [MSC v.1928 64 bit (AMD64)]",
        "command_line_arguments": "C:\\Users\\Mateusz\\Documents\\GitHub\\Enemy-AI-Project\\venv\\Scripts\\mlagents-learn config\\enemyAI.yaml --run-id=HaniaKajo --time-scale=10 --resume",
        "mlagents_version": "0.27.0",
        "mlagents_envs_version": "0.27.0",
        "communication_protocol_version": "1.5.0",
        "pytorch_version": "1.7.0+cu110",
        "numpy_version": "1.21.4",
        "end_time_seconds": "1638978870"
    },
    "total": 53.9356551,
    "count": 1,
    "self": 0.0056513000000038005,
    "children": {
        "run_training.setup": {
            "total": 0.1327851,
            "count": 1,
            "self": 0.1327851
        },
        "TrainerController.start_learning": {
            "total": 53.797218699999995,
            "count": 1,
            "self": 0.04614100000010524,
            "children": {
                "TrainerController._reset_env": {
                    "total": 8.533682500000001,
                    "count": 1,
                    "self": 8.533682500000001
                },
                "TrainerController.advance": {
                    "total": 44.90217839999989,
                    "count": 1774,
                    "self": 0.020644799999935515,
                    "children": {
                        "env_step": {
                            "total": 44.881533599999955,
                            "count": 1774,
                            "self": 25.204824199999692,
                            "children": {
                                "SubprocessEnvManager._take_step": {
                                    "total": 19.65559360000013,
                                    "count": 1774,
                                    "self": 0.12149059999998357,
                                    "children": {
                                        "TorchPolicy.evaluate": {
                                            "total": 19.534103000000147,
                                            "count": 1774,
                                            "self": 2.687632900000228,
                                            "children": {
                                                "TorchPolicy.sample_actions": {
                                                    "total": 16.84647009999992,
                                                    "count": 1774,
                                                    "self": 16.84647009999992
                                                }
                                            }
                                        }
                                    }
                                },
                                "workers": {
                                    "total": 0.021115800000131912,
                                    "count": 1773,
                                    "self": 0.0,
                                    "children": {
                                        "worker_root": {
                                            "total": 46.66903809999997,
                                            "count": 1773,
                                            "is_parallel": true,
                                            "self": 23.52643370000005,
                                            "children": {
                                                "steps_from_proto": {
                                                    "total": 0.0005037000000003289,
                                                    "count": 1,
                                                    "is_parallel": true,
                                                    "self": 0.0003013000000002819,
                                                    "children": {
                                                        "_process_rank_one_or_two_observation": {
                                                            "total": 0.000202400000000047,
                                                            "count": 2,
                                                            "is_parallel": true,
                                                            "self": 0.000202400000000047
                                                        }
                                                    }
                                                },
                                                "UnityEnvironment.step": {
                                                    "total": 23.142100699999922,
                                                    "count": 1773,
                                                    "is_parallel": true,
                                                    "self": 0.15381340000043053,
                                                    "children": {
                                                        "UnityEnvironment._generate_step_input": {
                                                            "total": 0.17718579999986872,
                                                            "count": 1773,
                                                            "is_parallel": true,
                                                            "self": 0.17718579999986872
                                                        },
                                                        "communicator.exchange": {
                                                            "total": 22.244733099999834,
                                                            "count": 1773,
                                                            "is_parallel": true,
                                                            "self": 22.244733099999834
                                                        },
                                                        "steps_from_proto": {
                                                            "total": 0.5663683999997886,
                                                            "count": 1773,
                                                            "is_parallel": true,
                                                            "self": 0.3753346000000377,
                                                            "children": {
                                                                "_process_rank_one_or_two_observation": {
                                                                    "total": 0.1910337999997509,
                                                                    "count": 3546,
                                                                    "is_parallel": true,
                                                                    "self": 0.1910337999997509
                                                                }
                                                            }
                                                        }
                                                    }
                                                }
                                            }
                                        }
                                    }
                                }
                            }
                        }
                    }
                },
                "trainer_threads": {
                    "total": 1.8900000000598993e-05,
                    "count": 1,
                    "self": 1.8900000000598993e-05,
                    "children": {
                        "thread_root": {
                            "total": 0.0,
                            "count": 0,
                            "is_parallel": true,
                            "self": 0.0,