{
    "name": "root",
    "gauges": {
        "enemyAI.Policy.Entropy.mean": {
            "value": 11.071160316467285,
            "min": 11.016798973083496,
            "max": 12.057428359985352,
            "count": 47
        },
        "enemyAI.Policy.Entropy.sum": {
            "value": 110180.1875,
            "min": 72368.671875,
            "max": 137491.46875,
            "count": 47
        },
        "enemyAI.Step.mean": {
            "value": 679606.0,
            "min": 219977.0,
            "max": 679606.0,
            "count": 47
        },
        "enemyAI.Step.sum": {
            "value": 679606.0,
            "min": 219977.0,
            "max": 679606.0,
            "count": 47
        },
        "enemyAI.Policy.ExtrinsicValueEstimate.mean": {
            "value": -1.6700494289398193,
            "min": -25.270689010620117,
            "max": -1.6700494289398193,
            "count": 47
        },
        "enemyAI.Policy.ExtrinsicValueEstimate.sum": {
            "value": -16.70049476623535,
            "min": -255.51144409179688,
            "max": -16.70049476623535,
            "count": 47
        },
        "enemyAI.Environment.EpisodeLength.mean": {
            "value": 2999.0,
            "min": 1545.5,
            "max": 3000.0,
            "count": 47
        },
        "enemyAI.Environment.EpisodeLength.sum": {
            "value": 11996.0,
            "min": 5998.0,
            "max": 12572.0,
            "count": 47
        },
        "enemyAI.Environment.CumulativeReward.mean": {
            "value": -14.098999947309494,
            "min": -448.3989944458008,
            "max": -14.098999947309494,
            "count": 47
        },
        "enemyAI.Environment.CumulativeReward.sum": {
            "value": -28.197999894618988,
            "min": -1683.6630096435547,
            "max": -28.197999894618988,
            "count": 47
        },
        "enemyAI.Policy.ExtrinsicReward.mean": {
            "value": -14.098999947309494,
            "min": -448.3989944458008,
            "max": -14.098999947309494,
            "count": 47
        },
        "enemyAI.Policy.ExtrinsicReward.sum": {
            "value": -28.197999894618988,
            "min": -1683.6630096435547,
            "max": -28.197999894618988,
            "count": 47
        },
        "enemyAI.IsTraining.mean": {
            "value": 1.0,
            "min": 1.0,
            "max": 1.0,
            "count": 47
        },
        "enemyAI.IsTraining.sum": {
            "value": 1.0,
            "min": 1.0,
            "max": 1.0,
            "count": 47
        },
        "enemyAI.Losses.PolicyLoss.mean": {
            "value": 0.035479600788506975,
            "min": 0.03138677970318462,
            "max": 0.03826778333342197,
            "count": 21
        },
        "enemyAI.Losses.PolicyLoss.sum": {
            "value": 0.035479600788506975,
            "min": 0.03138677970318462,
            "max": 0.03826778333342197,
            "count": 21
        },
        "enemyAI.Losses.ValueLoss.mean": {
            "value": 0.18176192348433096,
            "min": 0.1595270073315663,
            "max": 2.107481304989305,
            "count": 21
        },
        "enemyAI.Losses.ValueLoss.sum": {
            "value": 0.18176192348433096,
            "min": 0.1595270073315663,
            "max": 2.107481304989305,
            "count": 21
        },
        "enemyAI.Policy.LearningRate.mean": {
            "value": 0.00023263942245353332,
            "min": 0.00023263942245353332,
            "max": 0.0002762996079001333,
            "count": 21
        },
        "enemyAI.Policy.LearningRate.sum": {
            "value": 0.00023263942245353332,
            "min": 0.00023263942245353332,
            "max": 0.0002762996079001333,
            "count": 21
        },
        "enemyAI.Policy.Epsilon.mean": {
            "value": 0.17754646666666665,
            "min": 0.17754646666666665,
            "max": 0.19209986666666667,
            "count": 21
        },
        "enemyAI.Policy.Epsilon.sum": {
            "value": 0.17754646666666665,
            "min": 0.17754646666666665,
            "max": 0.19209986666666667,
            "count": 21
        },
        "enemyAI.Policy.Beta.mean": {
            "value": 0.0023286393533333335,
            "min": 0.0023286393533333335,
            "max": 0.0027637860133333334,
            "count": 21
        },
        "enemyAI.Policy.Beta.sum": {
            "value": 0.0023286393533333335,
            "min": 0.0023286393533333335,
            "max": 0.0027637860133333334,
            "count": 21
        }
    },
    "metadata": {
        "timer_format_version": "0.1.0",
        "start_time_seconds": "1638917752",
        "python_version": "3.8.8 (tags/v3.8.8:024d805, Feb 19 2021, 13:18:16) [MSC v.1928 64 bit (AMD64)]",
        "command_line_arguments": "C:\\Users\\Mateusz\\Documents\\GitHub\\Enemy-AI-Project\\venv\\Scripts\\mlagents-learn config\\enemyAI.yaml --run-id=MattTest --time-scale=10 --resume",
        "mlagents_version": "0.27.0",
        "mlagents_envs_version": "0.27.0",
        "communication_protocol_version": "1.5.0",
        "pytorch_version": "1.7.0+cu110",
        "numpy_version": "1.21.4",
        "end_time_seconds": "1638922449"
    },
    "total": 4696.982305199999,
    "count": 1,
    "self": 0.005737399998906767,
    "children": {
        "run_training.setup": {
            "total": 0.18178270000000007,
            "count": 1,
            "self": 0.18178270000000007
        },
        "TrainerController.start_learning": {
            "total": 4696.7947851,
            "count": 1,
            "self": 5.669782800023313,
            "children": {
                "TrainerController._reset_env": {
                    "total": 10.9370096,
                    "count": 1,
                    "self": 10.9370096
                },
                "TrainerController.advance": {
                    "total": 4679.908455399977,
                    "count": 234754,
                    "self": 2.8703071998261294,
                    "children": {
                        "env_step": {
                            "total": 4677.038148200151,
                            "count": 234754,
                            "self": 2129.3494486003315,
                            "children": {
                                "SubprocessEnvManager._take_step": {
                                    "total": 2544.6880870998975,
                                    "count": 234754,
                                    "self": 16.263765899930604,
                                    "children": {
                                        "TorchPolicy.evaluate": {
                                            "total": 2528.424321199967,
                                            "count": 234672,
                                            "self": 354.2812085000046,
                                            "children": {
                                                "TorchPolicy.sample_actions": {
                                                    "total": 2174.1431126999623,
                                                    "count": 234672,
                                                    "self": 2174.1431126999623
                                                }
                                            }
                                        }
                                    }
                                },
                                "workers": {
                                    "total": 3.0006124999222603,
                                    "count": 234753,
                                    "self": 0.0,
                                    "children": {
                                        "worker_root": {
                                            "total": 4680.569548599873,
                                            "count": 234753,
                                            "is_parallel": true,