{
    "name": "root",
    "metadata": {
        "timer_format_version": "0.1.0",
        "start_time_seconds": "1639066116",
        "python_version": "3.8.8 (tags/v3.8.8:024d805, Feb 19 2021, 13:18:16) [MSC v.1928 64 bit (AMD64)]",
        "command_line_arguments": "C:\\Users\\Mateusz\\Documents\\GitHub\\Enemy-AI-Project\\venv\\Scripts\\mlagents-learn config\\enemyAI.yaml --run-id=MattTest --time-scale=10 --resume",
        "mlagents_version": "0.27.0",
        "mlagents_envs_version": "0.27.0",
        "communication_protocol_version": "1.5.0",
        "pytorch_version": "1.7.0+cu110",
        "numpy_version": "1.21.4",
        "end_time_seconds": "1639066144"
    },
    "total": 28.047306799999998,
    "count": 1,
    "self": 0.006665299999998098,
    "children": {
        "run_training.setup": {
            "total": 0.13853650000000006,
            "count": 1,
            "self": 0.13853650000000006
        },
        "TrainerController.start_learning": {
            "total": 27.902105,
            "count": 1,
            "self": 0.01777209999994156,
            "children": {
                "TrainerController._reset_env": {
                    "total": 6.889610000000001,
                    "count": 2,
                    "self": 6.889610000000001
                },
                "TrainerController.advance": {
                    "total": 20.677397600000056,
                    "count": 604,
                    "self": 0.006728300000073517,
                    "children": {
                        "env_step": {
                            "total": 20.670669299999982,
                            "count": 604,
                            "self": 6.914558299999985,
                            "children": {
                                "SubprocessEnvManager._take_step": {
                                    "total": 13.749548200000005,
                                    "count": 604,
                                    "self": 0.08216999999996943,
                                    "children": {
                                        "TorchPolicy.evaluate": {
                                            "total": 13.667378200000035,
                                            "count": 1208,
                                            "self": 1.832754000000012,
                                            "children": {
                                                "TorchPolicy.sample_actions": {
                                                    "total": 11.834624200000023,
                                                    "count": 1208,
                                                    "self": 11.834624200000023
                                                }
                                            }
                                        }
                                    }
                                },
                                "workers": {
                                    "total": 0.006562799999992208,
                                    "count": 603,
                                    "self": 0.0,
                                    "children": {
                                        "worker_root": {
                                            "total": 22.177157699999967,
                                            "count": 603,
                                            "is_parallel": true,
                                            "self": 16.0479755,
                                            "children": {
                                                "steps_from_proto": {
                                                    "total": 0.001054400000000122,
                                                    "count": 4,
                                                    "is_parallel": true,
                                                    "self": 0.0007174000000000902,
                                                    "children": {
                                                        "_process_rank_one_or_two_observation": {
                                                            "total": 0.0003370000000000317,
                                                            "count": 8,
                                                            "is_parallel": true,
                                                            "self": 0.0003370000000000317
                                                        }
                                                    }
                                                },
                                                "UnityEnvironment.step": {
                                                    "total": 6.128127799999965,
                                                    "count": 603,
                                                    "is_parallel": true,
                                                    "self": 0.06252239999994025,
                                                    "children": {
                                                        "UnityEnvironment._generate_step_input": {
                                                            "total": 0.06100399999999695,
                                                            "count": 603,
                                                            "is_parallel": true,
                                                            "self": 0.06100399999999695
                                                        },
                                                        "communicator.exchange": {
                                                            "total": 5.700922199999989,
                                                            "count": 603,
                                                            "is_parallel": true,
                                                            "self": 5.700922199999989
                                                        },
                                                        "steps_from_proto": {
                                                            "total": 0.30367920000003856,
                                                            "count": 1206,
                                                            "is_parallel": true,
                                                            "self": 0.2115060000001021,
                                                            "children": {
                                                                "_process_rank_one_or_two_observation": {
                                                                    "total": 0.09217319999993645,
                                                                    "count": 2412,
                                                                    "is_parallel": true,
                                                                    "self": 0.09217319999993645
                                                                }
                                                            }
                                                        }
                                                    }
                                                }
                                            }
                                        }
                                    }
                                }
                            }
                        }
                    }
                },
                "trainer_threads": {
                    "total": 1.650000000097407e-05,
                    "count": 1,
                    "self": 1.650000000097407e-05,
                    "children": {
                        "thread_root": {
                            "total": 0.0,
                            "count": 0,
                            "is_parallel": true,
                            "self": 0.0,