{
    "name": "root",
    "gauges": {
        "enemyAI.Policy.Entropy.mean": {
            "value": 11.116217613220215,
            "min": 11.087082862854004,
            "max": 11.155583381652832,
            "count": 27
        },
        "enemyAI.Policy.Entropy.sum": {
            "value": 110628.59375,
            "min": 110338.6484375,
            "max": 112626.765625,
            "count": 27
        },
        "enemyAI.Step.mean": {
            "value": 959706.0,
            "min": 699658.0,
            "max": 959706.0,
            "count": 27
        },
        "enemyAI.Step.sum": {
            "value": 959706.0,
            "min": 699658.0,
            "max": 959706.0,
            "count": 27
        },
        "enemyAI.Policy.ExtrinsicValueEstimate.mean": {
            "value": -0.547073245048523,
            "min": -1.576094388961792,
            "max": -0.547073245048523,
            "count": 27
        },
        "enemyAI.Policy.ExtrinsicValueEstimate.sum": {
            "value": -5.47073221206665,
            "min": -15.760943412780762,
            "max": -5.47073221206665,
            "count": 27
        },
        "enemyAI.Environment.EpisodeLength.mean": {
            "value": 2999.0,
            "min": 2999.0,
            "max": 3000.0,
            "count": 27
        },
        "enemyAI.Environment.EpisodeLength.sum": {
            "value": 11996.0,
            "min": 5998.0,
            "max": 11996.0,
            "count": 27
        },
        "enemyAI.Environment.CumulativeReward.mean": {
            "value": -12.423999667167664,
            "min": -14.486499518156052,
            "max": -11.748999804258347,
            "count": 27
        },
        "enemyAI.Environment.CumulativeReward.sum": {
            "value": -24.847999334335327,
            "min": -57.94599807262421,
            "max": -23.497999608516693,
            "count": 27
        },
        "enemyAI.Policy.ExtrinsicReward.mean": {
            "value": -12.423999667167664,
            "min": -14.486499518156052,
            "max": -11.748999804258347,
            "count": 27
        },
        "enemyAI.Policy.ExtrinsicReward.sum": {
            "value": -24.847999334335327,
            "min": -57.94599807262421,
            "max": -23.497999608516693,
            "count": 27
        },
        "enemyAI.IsTraining.mean": {
            "value": 1.0,
            "min": 1.0,
            "max": 1.0,
            "count": 27
        },
        "enemyAI.IsTraining.sum": {
            "value": 1.0,
            "min": 1.0,
            "max": 1.0,
            "count": 27
        },
        "enemyAI.Losses.PolicyLoss.mean": {
            "value": 0.03785535059883148,
            "min": 0.03278062016298893,
            "max": 0.038616790316443675,
            "count": 12
        },
        "enemyAI.Losses.PolicyLoss.sum": {
            "value": 0.03785535059883148,
            "min": 0.03278062016298893,
            "max": 0.038616790316443675,
            "count": 12
        },
        "enemyAI.Losses.ValueLoss.mean": {
            "value": 0.27950885331642533,
            "min": 0.18368095455532388,
            "max": 0.2841481880122234,
            "count": 12
        },
        "enemyAI.Losses.ValueLoss.sum": {
            "value": 0.27950885331642533,
            "min": 0.18368095455532388,
            "max": 0.2841481880122234,
            "count": 12
        },
        "enemyAI.Policy.LearningRate.mean": {
            "value": 0.00020443903185366665,
            "min": 0.00020443903185366665,
            "max": 0.00022862942379019998,
            "count": 12
        },
        "enemyAI.Policy.LearningRate.sum": {
            "value": 0.00020443903185366665,
            "min": 0.00020443903185366665,
            "max": 0.00022862942379019998,
            "count": 12
        },
        "enemyAI.Policy.Epsilon.mean": {
            "value": 0.16814633333333331,
            "min": 0.16814633333333331,
            "max": 0.17620980000000006,
            "count": 12
        },
        "enemyAI.Policy.Epsilon.sum": {
            "value": 0.16814633333333331,
            "min": 0.16814633333333331,
            "max": 0.17620980000000006,
            "count": 12
        },
        "enemyAI.Policy.Beta.mean": {
            "value": 0.002047575366666666,
            "min": 0.002047575366666666,
            "max": 0.0022886730199999997,
            "count": 12
        },
        "enemyAI.Policy.Beta.sum": {
            "value": 0.002047575366666666,
            "min": 0.002047575366666666,
            "max": 0.0022886730199999997,
            "count": 12
        }
    },
    "metadata": {
        "timer_format_version": "0.1.0",
        "start_time_seconds": "1638964895",
        "python_version": "3.8.8 (tags/v3.8.8:024d805, Feb 19 2021, 13:18:16) [MSC v.1928 64 bit (AMD64)]",
        "command_line_arguments": "C:\\Users\\Mateusz\\Documents\\GitHub\\Enemy-AI-Project\\venv\\Scripts\\mlagents-learn config\\enemyAI.yaml --run-id=MattTest --time-scale=10 --resume",
        "mlagents_version": "0.27.0",
        "mlagents_envs_version": "0.27.0",
        "communication_protocol_version": "1.5.0",
        "pytorch_version": "1.7.0+cu110",
        "numpy_version": "1.21.4",
        "end_time_seconds": "1638967618"
    },
    "total": 2723.1787342999996,
    "count": 1,
    "self": 0.005488999999670341,
    "children": {
        "run_training.setup": {
            "total": 0.12482109999999991,
            "count": 1,
            "self": 0.12482109999999991
        },
        "TrainerController.start_learning": {
            "total": 2723.0484241999998,
            "count": 1,
            "self": 3.2582856999215437,
            "children": {
                "TrainerController._reset_env": {
                    "total": 6.753227699999999,
                    "count": 1,
                    "self": 6.753227699999999
                },
                "TrainerController.advance": {
                    "total": 2712.678612500078,
                    "count": 137787,
                    "self": 1.5825100000952261,
                    "children": {
                        "env_step": {
                            "total": 2711.096102499983,
                            "count": 137787,
                            "self": 1196.2513077999847,
                            "children": {
                                "SubprocessEnvManager._take_step": {
                                    "total": 1513.1405216000217,
                                    "count": 137787,
                                    "self": 8.742891800015968,
                                    "children": {
                                        "TorchPolicy.evaluate": {
                                            "total": 1504.3976298000057,
                                            "count": 137742,
                                            "self": 239.36157809989209,
                                            "children": {
                                                "TorchPolicy.sample_actions": {
                                                    "total": 1265.0360517001136,
                                                    "count": 137742,
                                                    "self": 1265.0360517001136
                                                }
                                            }
                                        }
                                    }
                                },
                                "workers": {
                                    "total": 1.7042730999764508,
                                    "count": 137786,
                                    "self": 0.0,
                                    "children": {
                                        "worker_root": {
                                            "total": 2713.388450200025,
                                            "count": 137786,