{
    "name": "root",
    "metadata": {
        "timer_format_version": "0.1.0",
        "start_time_seconds": "1639615929",
        "python_version": "3.8.8 (tags/v3.8.8:024d805, Feb 19 2021, 13:18:16) [MSC v.1928 64 bit (AMD64)]",
        "command_line_arguments": "C:\\Users\\Mateusz\\Documents\\GitHub\\Enemy-AI-Project\\venv\\Scripts\\mlagents-learn config\\enemyAI.yaml --run-id=MattTest --time-scale=10 --resume",
        "mlagents_version": "0.27.0",
        "mlagents_envs_version": "0.27.0",
        "communication_protocol_version": "1.5.0",
        "pytorch_version": "1.7.0+cu110",
        "numpy_version": "1.21.4",
        "end_time_seconds": "1639615967"
    },
    "total": 38.1027573,
    "count": 1,
    "self": 0.006451500000004273,
    "children": {
        "run_training.setup": {
            "total": 0.13687110000000002,
            "count": 1,
            "self": 0.13687110000000002
        },
        "TrainerController.start_learning": {
            "total": 37.959434699999996,
            "count": 1,
            "self": 0.040160700000150484,
            "children": {
                "TrainerController._reset_env": {
                    "total": 8.3215419,
                    "count": 2,
                    "self": 8.3215419
                },
                "TrainerController.advance": {
                    "total": 29.27625769999984,
                    "count": 1435,
                    "self": 0.015774299999758767,
                    "children": {
                        "env_step": {
                            "total": 29.26048340000008,
                            "count": 1435,
                            "self": 13.935372900000054,
                            "children": {
                                "SubprocessEnvManager._take_step": {
                                    "total": 15.3080594000001,
                                    "count": 1435,
                                    "self": 0.09759320000026506,
                                    "children": {
                                        "TorchPolicy.evaluate": {
                                            "total": 15.210466199999836,
                                            "count": 1435,
                                            "self": 2.1815536999997143,
                                            "children": {
                                                "TorchPolicy.sample_actions": {
                                                    "total": 13.028912500000121,
                                                    "count": 1435,
                                                    "self": 13.028912500000121
                                                }
                                            }
                                        }
                                    }
                                },
                                "workers": {
                                    "total": 0.017051099999925157,
                                    "count": 1434,
                                    "self": 0.0,
                                    "children": {
                                        "worker_root": {
                                            "total": 30.840285199999894,
                                            "count": 1434,
                                            "is_parallel": true,
                                            "self": 18.506741499999947,
                                            "children": {
                                                "steps_from_proto": {
                                                    "total": 0.0007045000000003299,
                                                    "count": 2,
                                                    "is_parallel": true,
                                                    "self": 0.00041650000000004184,
                                                    "children": {
                                                        "_process_rank_one_or_two_observation": {
                                                            "total": 0.000288000000000288,
                                                            "count": 4,
                                                            "is_parallel": true,
                                                            "self": 0.000288000000000288
                                                        }
                                                    }
                                                },
                                                "UnityEnvironment.step": {
                                                    "total": 12.332839199999947,
                                                    "count": 1434,
                                                    "is_parallel": true,
                                                    "self": 0.1199929000000175,
                                                    "children": {
                                                        "UnityEnvironment._generate_step_input": {
                                                            "total": 0.12531930000001879,
                                                            "count": 1434,
                                                            "is_parallel": true,
                                                            "self": 0.12531930000001879
                                                        },
                                                        "communicator.exchange": {
                                                            "total": 11.650096100000045,
                                                            "count": 1434,
                                                            "is_parallel": true,
                                                            "self": 11.650096100000045
                                                        },
                                                        "steps_from_proto": {
                                                            "total": 0.43743089999986573,
                                                            "count": 1434,
                                                            "is_parallel": true,
                                                            "self": 0.2933135999997383,
                                                            "children": {
                                                                "_process_rank_one_or_two_observation": {
                                                                    "total": 0.14411730000012746,
                                                                    "count": 2868,
                                                                    "is_parallel": true,
                                                                    "self": 0.14411730000012746
                                                                }
                                                            }
                                                        }
                                                    }
                                                }
                                            }
                                        }
                                    }
                                }
                            }
                        }
                    }
                },
                "trainer_threads": {
                    "total": 2.1600000003729747e-05,
                    "count": 1,
                    "self": 2.1600000003729747e-05,
                    "children": {
                        "thread_root": {
                            "total": 0.0,
                            "count": 0,
                            "is_parallel": true,
                            "self": 0.0,