{
    "name": "root",
    "gauges": {
        "enemyAI.Policy.Entropy.mean": {
            "value": 0.0026270851958543062,
            "min": 0.0021658188197761774,
            "max": 2.1963775157928467,
            "count": 75
        },
        "enemyAI.Policy.Entropy.sum": {
            "value": 52.28950500488281,
            "min": 43.10845947265625,
            "max": 46966.125,
            "count": 75
        },
        "enemyAI.Environment.EpisodeLength.mean": {
            "value": 2999.0,
            "min": 858.0,
            "max": 2999.0,
            "count": 75
        },
        "enemyAI.Environment.EpisodeLength.sum": {
            "value": 23992.0,
            "min": 1716.0,
            "max": 23992.0,
            "count": 75
        },
        "enemyAI.Self-play.ELO.mean": {
            "value": 1146.1259747948552,
            "min": 1146.1259747948552,
            "max": 1199.833815116204,
            "count": 75
        },
        "enemyAI.Self-play.ELO.sum": {
            "value": 4584.503899179421,
            "min": 1199.5000082722365,
            "max": 10795.500000214284,
            "count": 75
        },
        "enemyAI.Step.mean": {
            "value": 749999.0,
            "min": 9595.0,
            "max": 749999.0,
            "count": 75
        },
        "enemyAI.Step.sum": {
            "value": 749999.0,
            "min": 9595.0,
            "max": 749999.0,
            "count": 75
        },
        "enemyAI.Policy.ExtrinsicValueEstimate.mean": {
            "value": -0.3198431432247162,
            "min": -21.092885971069336,
            "max": 0.3275369107723236,
            "count": 75
        },
        "enemyAI.Policy.ExtrinsicValueEstimate.sum": {
            "value": -3.1984314918518066,
            "min": -266.6010437011719,
            "max": 3.6029059886932373,
            "count": 75
        },
        "enemyAI.Environment.CumulativeReward.mean": {
            "value": -5.393133640289307,
            "min": -1129.822265625,
            "max": -4.493850290775299,
            "count": 75
        },
        "enemyAI.Environment.CumulativeReward.sum": {
            "value": -16.17940092086792,
            "min": -4858.4193115234375,
            "max": -15.556400895118713,
            "count": 75
        },
        "enemyAI.Policy.ExtrinsicReward.mean": {
            "value": -5.393133640289307,
            "min": -1129.822265625,
            "max": -4.493850290775299,
            "count": 75
        },
        "enemyAI.Policy.ExtrinsicReward.sum": {
            "value": -16.17940092086792,
            "min": -4858.4193115234375,
            "max": -15.556400895118713,
            "count": 75
        },
        "enemyAI.IsTraining.mean": {
            "value": 1.0,
            "min": 1.0,
            "max": 1.0,
            "count": 75
        },
        "enemyAI.IsTraining.sum": {
            "value": 1.0,
            "min": 1.0,
            "max": 1.0,
            "count": 75
        },
        "enemyAI.Losses.PolicyLoss.mean": {
            "value": 0.03463774772996946,
            "min": 0.029636794712576197,
            "max": 0.04037427722014547,
            "count": 35
        },
        "enemyAI.Losses.PolicyLoss.sum": {
            "value": 0.03463774772996946,
            "min": 0.029636794712576197,
            "max": 0.04037427722014547,
            "count": 35
        },
        "enemyAI.Losses.ValueLoss.mean": {
            "value": 0.0037326775027469285,
            "min": 0.0037326775027469285,
            "max": 8.333799286101891,
            "count": 35
        },
        "enemyAI.Losses.ValueLoss.sum": {
            "value": 0.0037326775027469285,
            "min": 0.0037326775027469285,
            "max": 8.333799286101891,
            "count": 35
        },
        "enemyAI.Policy.LearningRate.mean": {
            "value": 0.00022560012479996673,
            "min": 0.00022560012479996673,
            "max": 0.0002970881009706333,
            "count": 35
        },
        "enemyAI.Policy.LearningRate.sum": {
            "value": 0.00022560012479996673,
            "min": 0.00022560012479996673,
            "max": 0.0002970881009706333,
            "count": 35
        },
        "enemyAI.Policy.Epsilon.mean": {
            "value": 0.17520003333333328,
            "min": 0.17520003333333328,
            "max": 0.1990293666666667,
            "count": 35
        },
        "enemyAI.Policy.Epsilon.sum": {
            "value": 0.17520003333333328,
            "min": 0.17520003333333328,
            "max": 0.1990293666666667,
            "count": 35
        },
        "enemyAI.Policy.Beta.mean": {
            "value": 0.002258480996666666,
            "min": 0.002258480996666666,
            "max": 0.0029709780633333334,
            "count": 35
        },
        "enemyAI.Policy.Beta.sum": {
            "value": 0.002258480996666666,
            "min": 0.002258480996666666,
            "max": 0.0029709780633333334,
            "count": 35
        }
    },
    "metadata": {
        "timer_format_version": "0.1.0",
        "start_time_seconds": "1640644493",
        "python_version": "3.8.8 (tags/v3.8.8:024d805, Feb 19 2021, 13:18:16) [MSC v.1928 64 bit (AMD64)]",
        "command_line_arguments": "C:\\Users\\Mateusz\\Documents\\GitHub\\Enemy-AI-Project\\venv\\Scripts\\mlagents-learn config\\enemyAISelfPlayTraining.yaml --run-id=EnemyAI --time-scale=10 --resume",
        "mlagents_version": "0.27.0",
        "mlagents_envs_version": "0.27.0",
        "communication_protocol_version": "1.5.0",
        "pytorch_version": "1.7.0+cu110",
        "numpy_version": "1.21.4",
        "end_time_seconds": "1640657484"
    },
    "total": 12991.1451805,
    "count": 1,
    "self": 0.0075694000006478745,
    "children": {
        "run_training.setup": {
            "total": 0.11901980000000001,
            "count": 1,
            "self": 0.11901980000000001
        },
        "TrainerController.start_learning": {
            "total": 12991.018591299999,
            "count": 1,
            "self": 20.91920620068049,
            "children": {
                "TrainerController._reset_env": {
                    "total": 13.919396000002036,
                    "count": 8,
                    "self": 13.919396000002036
                },
                "TrainerController.advance": {
                    "total": 12956.067974299316,
                    "count": 746716,
                    "self": 9.207334299564536,
                    "children": {
                        "env_step": {
                            "total": 12946.860639999752,
                            "count": 746716,
                            "self": 6982.133111199563,
                            "children": {
                                "SubprocessEnvManager._take_step": {
                                    "total": 5954.56639529997,
                                    "count": 746716,
                                    "self": 98.61027260035826,
                                    "children": {
                                        "TorchPolicy.evaluate": {
                                            "total": 5855.956122699612,
                                            "count": 1492812,
                                            "self": 1791.6291674997901,
                                            "children": {
                                                "TorchPolicy.sample_actions": {
                                                    "total": 4064.326955199822,
                                                    "count": 1492812,
                                                    "self": 4064.326955199822
                                                }
                                            }
                                        }
                                    }
                                },