{
    "name": "root",
    "gauges": {
        "enemyAI.Policy.Entropy.mean": {
            "value": 2.1850249767303467,
            "min": 2.1848676204681396,
            "max": 2.1971333026885986,
            "count": 4
        },
        "enemyAI.Policy.Entropy.sum": {
            "value": 45483.48046875,
            "min": 41678.53515625,
            "max": 45990.39453125,
            "count": 4
        },
        "enemyAI.Step.mean": {
            "value": 39449.0,
            "min": 9432.0,
            "max": 39449.0,
            "count": 4
        },
        "enemyAI.Step.sum": {
            "value": 39449.0,
            "min": 9432.0,
            "max": 39449.0,
            "count": 4
        },
        "enemyAI.Policy.ExtrinsicValueEstimate.mean": {
            "value": -7.435812950134277,
            "min": -7.435812950134277,
            "max": 0.003609664272516966,
            "count": 4
        },
        "enemyAI.Policy.ExtrinsicValueEstimate.sum": {
            "value": -96.66556549072266,
            "min": -96.66556549072266,
            "max": 0.05053529888391495,
            "count": 4
        },
        "enemyAI.Environment.EpisodeLength.mean": {
            "value": 1632.142857142857,
            "min": 1179.25,
            "max": 1632.142857142857,
            "count": 4
        },
        "enemyAI.Environment.EpisodeLength.sum": {
            "value": 22850.0,
            "min": 18868.0,
            "max": 22850.0,
            "count": 4
        },
        "enemyAI.Self-play.ELO.mean": {
            "value": 1197.4016120036958,
            "min": 1196.8628295968506,
            "max": 1199.4314366714602,
            "count": 4
        },
        "enemyAI.Self-play.ELO.sum": {
            "value": 8381.811284025871,
            "min": 8378.039807177955,
            "max": 9586.205262246793,
            "count": 4
        },
        "enemyAI.Environment.CumulativeReward.mean": {
            "value": -676.0579427083334,
            "min": -712.375368754069,
            "max": -501.6224937438965,
            "count": 4
        },
        "enemyAI.Environment.CumulativeReward.sum": {
            "value": -4056.34765625,
            "min": -4514.602443695068,
            "max": -4056.34765625,
            "count": 4
        },
        "enemyAI.Policy.ExtrinsicReward.mean": {
            "value": -676.0579427083334,
            "min": -712.375368754069,
            "max": -501.6224937438965,
            "count": 4
        },
        "enemyAI.Policy.ExtrinsicReward.sum": {
            "value": -4056.34765625,
            "min": -4514.602443695068,
            "max": -4056.34765625,
            "count": 4
        },
        "enemyAI.IsTraining.mean": {
            "value": 1.0,
            "min": 1.0,
            "max": 1.0,
            "count": 4
        },
        "enemyAI.IsTraining.sum": {
            "value": 1.0,
            "min": 1.0,
            "max": 1.0,
            "count": 4
        },
        "enemyAI.Losses.PolicyLoss.mean": {
            "value": 0.041126519232057034,
            "min": 0.041126519232057034,
            "max": 0.041126519232057034,
            "count": 1
        },
        "enemyAI.Losses.PolicyLoss.sum": {
            "value": 0.041126519232057034,
            "min": 0.041126519232057034,
            "max": 0.041126519232057034,
            "count": 1
        },
        "enemyAI.Losses.ValueLoss.mean": {
            "value": 9.864842179914316,
            "min": 9.864842179914316,
            "max": 9.864842179914316,
            "count": 1
        },
        "enemyAI.Losses.ValueLoss.sum": {
            "value": 9.864842179914316,
            "min": 9.864842179914316,
            "max": 9.864842179914316,
            "count": 1
        },
        "enemyAI.Policy.LearningRate.mean": {
            "value": 0.00029790550069816663,
            "min": 0.00029790550069816663,
            "max": 0.00029790550069816663,
            "count": 1
        },
        "enemyAI.Policy.LearningRate.sum": {
            "value": 0.00029790550069816663,
            "min": 0.00029790550069816663,
            "max": 0.00029790550069816663,
            "count": 1
        },
        "enemyAI.Policy.Epsilon.mean": {
            "value": 0.19930183333333332,
            "min": 0.19930183333333332,
            "max": 0.19930183333333332,
            "count": 1
        },
        "enemyAI.Policy.Epsilon.sum": {
            "value": 0.19930183333333332,
            "min": 0.19930183333333332,
            "max": 0.19930183333333332,
            "count": 1
        },
        "enemyAI.Policy.Beta.mean": {
            "value": 0.0029791248166666662,
            "min": 0.0029791248166666662,
            "max": 0.0029791248166666662,
            "count": 1
        },
        "enemyAI.Policy.Beta.sum": {
            "value": 0.0029791248166666662,
            "min": 0.0029791248166666662,
            "max": 0.0029791248166666662,
            "count": 1
        }
    },
    "metadata": {
        "timer_format_version": "0.1.0",
        "start_time_seconds": "1640748711",
        "python_version": "3.8.8 (tags/v3.8.8:024d805, Feb 19 2021, 13:18:16) [MSC v.1928 64 bit (AMD64)]",
        "command_line_arguments": "C:\\Users\\Mateusz\\Documents\\GitHub\\Enemy-AI-Project\\venv\\Scripts\\mlagents-learn config\\enemyAISelfPlayTraining.yaml --run-id=EnemyAI --time-scale=10",
        "mlagents_version": "0.27.0",
        "mlagents_envs_version": "0.27.0",
        "communication_protocol_version": "1.5.0",
        "pytorch_version": "1.7.0+cu110",
        "numpy_version": "1.21.4",
        "end_time_seconds": "1640749574"
    },
    "total": 863.3545138,
    "count": 1,
    "self": 0.007132899999987785,
    "children": {
        "run_training.setup": {
            "total": 0.14534279999999988,
            "count": 1,
            "self": 0.14534279999999988
        },
        "TrainerController.start_learning": {
            "total": 863.2020381,
            "count": 1,
            "self": 1.2235625000059827,
            "children": {
                "TrainerController._reset_env": {
                    "total": 7.536463400000001,
                    "count": 1,
                    "self": 7.536463400000001
                },
                "TrainerController.advance": {
                    "total": 854.3077985999939,
                    "count": 45492,
                    "self": 0.5662807999918869,
                    "children": {
                        "env_step": {
                            "total": 853.741517800002,
                            "count": 45492,
                            "self": 483.9724636000052,
                            "children": {
                                "SubprocessEnvManager._take_step": {
                                    "total": 369.1565498999965,
                                    "count": 45492,
                                    "self": 5.8975657999821465,
                                    "children": {
                                        "TorchPolicy.evaluate": {
                                            "total": 363.25898410001435,
                                            "count": 90940,
                                            "self": 111.81377090002442,
                                            "children": {
                                                "TorchPolicy.sample_actions": {
                                                    "total": 251.44521319998992,
                                                    "count": 90940,
                                                    "self": 251.44521319998992
                                                }
                                            }
                                        }
                                    }
                                },
                                "workers": {
                                    "total": 0.6125043000003387,
                                    "count": 45491,