{
    "name": "root",
    "gauges": {
        "enemyAI.Policy.Entropy.mean": {
            "value": 11.344056129455566,
            "min": 11.344056129455566,
            "max": 11.344056129455566,
            "count": 1
        },
        "enemyAI.Policy.Entropy.sum": {
            "value": 204193.015625,
            "min": 204193.015625,
            "max": 204193.015625,
            "count": 1
        },
        "enemyAI.Step.mean": {
            "value": 419335.0,
            "min": 419335.0,
            "max": 419335.0,
            "count": 1
        },
        "enemyAI.Step.sum": {
            "value": 419335.0,
            "min": 419335.0,
            "max": 419335.0,
            "count": 1
        },
        "enemyAI.Policy.ExtrinsicValueEstimate.mean": {
            "value": -23.70181655883789,
            "min": -23.70181655883789,
            "max": -23.70181655883789,
            "count": 1
        },
        "enemyAI.Policy.ExtrinsicValueEstimate.sum": {
            "value": -189.61453247070312,
            "min": -189.61453247070312,
            "max": -189.61453247070312,
            "count": 1
        },
        "enemyAI.Environment.EpisodeLength.mean": {
            "value": 2998.6666666666665,
            "min": 2998.6666666666665,
            "max": 2998.6666666666665,
            "count": 1
        },
        "enemyAI.Environment.EpisodeLength.sum": {
            "value": 17992.0,
            "min": 17992.0,
            "max": 17992.0,
            "count": 1
        },
        "enemyAI.Self-play.ELO.mean": {
            "value": 1167.7637229692984,
            "min": 1167.7637229692984,
            "max": 1167.7637229692984,
            "count": 1
        },
        "enemyAI.Self-play.ELO.sum": {
            "value": 3503.2911689078956,
            "min": 3503.2911689078956,
            "max": 3503.2911689078956,
            "count": 1
        },
        "enemyAI.Environment.CumulativeReward.mean": {
            "value": -2273.9974365234375,
            "min": -2273.9974365234375,
            "max": -2273.9974365234375,
            "count": 1
        },
        "enemyAI.Environment.CumulativeReward.sum": {
            "value": -4547.994873046875,
            "min": -4547.994873046875,
            "max": -4547.994873046875,
            "count": 1
        },
        "enemyAI.Policy.ExtrinsicReward.mean": {
            "value": -2273.9974365234375,
            "min": -2273.9974365234375,
            "max": -2273.9974365234375,
            "count": 1
        },
        "enemyAI.Policy.ExtrinsicReward.sum": {
            "value": -4547.994873046875,
            "min": -4547.994873046875,
            "max": -4547.994873046875,
            "count": 1
        },
        "enemyAI.IsTraining.mean": {
            "value": 1.0,
            "min": 1.0,
            "max": 1.0,
            "count": 1
        },
        "enemyAI.IsTraining.sum": {
            "value": 1.0,
            "min": 1.0,
            "max": 1.0,
            "count": 1
        }
    },
    "metadata": {
        "timer_format_version": "0.1.0",
        "start_time_seconds": "1640301215",
        "python_version": "3.8.8 (tags/v3.8.8:024d805, Feb 19 2021, 13:18:16) [MSC v.1928 64 bit (AMD64)]",
        "command_line_arguments": "C:\\Users\\Mateusz\\Documents\\GitHub\\Enemy-AI-Project\\venv\\Scripts\\mlagents-learn config\\enemyAISelfPlayTraining.yaml --run-id=EnemyAITraining1 --time-scale=10 --resume",
        "mlagents_version": "0.27.0",
        "mlagents_envs_version": "0.27.0",
        "communication_protocol_version": "1.5.0",
        "pytorch_version": "1.7.0+cu110",
        "numpy_version": "1.21.4",
        "end_time_seconds": "1640301691"
    },
    "total": 475.57146009999997,
    "count": 1,
    "self": 0.009034799999994902,
    "children": {
        "run_training.setup": {
            "total": 0.16303810000000007,
            "count": 1,
            "self": 0.16303810000000007
        },
        "TrainerController.start_learning": {
            "total": 475.3993872,
            "count": 1,
            "self": 0.3761213999998745,
            "children": {
                "TrainerController._reset_env": {
                    "total": 9.2939452,
                    "count": 2,
                    "self": 9.2939452
                },
                "TrainerController.advance": {
                    "total": 465.2682004000002,
                    "count": 13358,
                    "self": 0.1701553999981229,
                    "children": {
                        "env_step": {
                            "total": 465.09804500000206,
                            "count": 13358,
                            "self": 137.00729740000367,
                            "children": {
                                "SubprocessEnvManager._take_step": {
                                    "total": 327.91891199999947,
                                    "count": 13358,
                                    "self": 1.9512312999980281,
                                    "children": {
                                        "TorchPolicy.evaluate": {
                                            "total": 325.96768070000144,
                                            "count": 26708,
                                            "self": 49.95559689999885,
                                            "children": {
                                                "TorchPolicy.sample_actions": {
                                                    "total": 276.0120838000026,
                                                    "count": 26708,
                                                    "self": 276.0120838000026
                                                }
                                            }
                                        }
                                    }
                                },
                                "workers": {
                                    "total": 0.17183559999894094,
                                    "count": 13357,
                                    "self": 0.0,
                                    "children": {
                                        "worker_root": {
                                            "total": 466.96661700000016,
                                            "count": 13357,
                                            "is_parallel": true,
                                            "self": 347.96481660000074,
                                            "children": {
                                                "steps_from_proto": {
                                                    "total": 0.0012759999999980565,
                                                    "count": 4,
                                                    "is_parallel": true,
                                                    "self": 0.0008563999999999794,
                                                    "children": {
                                                        "_process_rank_one_or_two_observation": {
                                                            "total": 0.00041959999999807707,
                                                            "count": 8,
                                                            "is_parallel": true,
                                                            "self": 0.00041959999999807707
                                                        }
                                                    }
                                                },
                                                "UnityEnvironment.step": {
                                                    "total": 119.00052439999938,
                                                    "count": 13357,
                                                    "is_parallel": true,
                                                    "self": 1.513113099994328,