{"cameraMode":{"drawMode":0,"name":"Shaded","section":"Shading Mode"},"sceneLighting":false,"audioPlay":false,"sceneViewState":{"m_AlwaysRefresh":false,"showFog":false,"showSkybox":false,"showFlares":false,"showImageEffects":false,"showParticleSystems":false,"showVisualEffectGraphs":true,"m_FxEnabled":true},"in2DMode":false,"pivot":{"x":-0.09243933111429215,"y":0.7834250926971436,"z":-0.9315940141677856},"rotation":{"x":0.003052831394597888,"y":0.9952390193939209,"z":-0.09162987023591995,"w":0.03315453976392746},"size":1.5073950290679932,"orthographic":false}