{
    "name": "root",
    "gauges": {
        "enemyAI.Policy.Entropy.mean": {
            "value": 0.086253322660923,
            "min": 0.086253322660923,
            "max": 0.0862533375620842,
            "count": 2
        },
        "enemyAI.Policy.Entropy.sum": {
            "value": 858.7380981445312,
            "min": 435.49310302734375,
            "max": 858.7380981445312,
            "count": 2
        },
        "enemyAI.Step.mean": {
            "value": 449622.0,
            "min": 439595.0,
            "max": 449622.0,
            "count": 2
        },
        "enemyAI.Step.sum": {
            "value": 449622.0,
            "min": 439595.0,
            "max": 449622.0,
            "count": 2
        },
        "enemyAI.Policy.ExtrinsicValueEstimate.mean": {
            "value": -6.838807106018066,
            "min": -6.838807106018066,
            "max": -6.838806629180908,
            "count": 2
        },
        "enemyAI.Policy.ExtrinsicValueEstimate.sum": {
            "value": -68.38806915283203,
            "min": -68.38806915283203,
            "max": -27.355226516723633,
            "count": 2
        },
        "enemyAI.Environment.EpisodeLength.mean": {
            "value": 3000.0,
            "min": 3000.0,
            "max": 3000.0,
            "count": 2
        },
        "enemyAI.Environment.EpisodeLength.sum": {
            "value": 12000.0,
            "min": 3000.0,
            "max": 12000.0,
            "count": 2
        },
        "enemyAI.Environment.CumulativeReward.mean": {
            "value": -34.53333274523417,
            "min": -34.53333274523417,
            "max": -28.90000009536743,
            "count": 2
        },
        "enemyAI.Environment.CumulativeReward.sum": {
            "value": -103.59999823570251,
            "min": -103.59999823570251,
            "max": -28.90000009536743,
            "count": 2
        },
        "enemyAI.Policy.ExtrinsicReward.mean": {
            "value": -34.53333274523417,
            "min": -34.53333274523417,
            "max": -28.90000009536743,
            "count": 2
        },
        "enemyAI.Policy.ExtrinsicReward.sum": {
            "value": -103.59999823570251,
            "min": -103.59999823570251,
            "max": -28.90000009536743,
            "count": 2
        },
        "enemyAI.IsTraining.mean": {
            "value": 1.0,
            "min": 1.0,
            "max": 1.0,
            "count": 2
        },
        "enemyAI.IsTraining.sum": {
            "value": 1.0,
            "min": 1.0,
            "max": 1.0,
            "count": 2
        }
    },
    "metadata": {
        "timer_format_version": "0.1.0",
        "start_time_seconds": "1638835922",
        "python_version": "3.8.8 (tags/v3.8.8:024d805, Feb 19 2021, 13:18:16) [MSC v.1928 64 bit (AMD64)]",
        "command_line_arguments": "C:\\Users\\Mateusz\\Documents\\GitHub\\Enemy-AI-Project\\venv\\Scripts\\mlagents-learn config\\enemyAI.yaml --run-id=FirstSelfPlay --time-scale=5 --resume",
        "mlagents_version": "0.27.0",
        "mlagents_envs_version": "0.27.0",
        "communication_protocol_version": "1.5.0",
        "pytorch_version": "1.7.0+cu110",
        "numpy_version": "1.21.4",
        "end_time_seconds": "1638836292"
    },
    "total": 370.3870233,
    "count": 1,
    "self": 0.012110699999993813,
    "children": {
        "run_training.setup": {
            "total": 0.12180990000000014,
            "count": 1,
            "self": 0.12180990000000014
        },
        "TrainerController.start_learning": {
            "total": 370.2531027,
            "count": 1,
            "self": 0.5849279000042884,
            "children": {
                "TrainerController._reset_env": {
                    "total": 8.169011600000001,
                    "count": 1,
                    "self": 8.169011600000001
                },
                "TrainerController.advance": {
                    "total": 361.3469940999958,
                    "count": 19241,
                    "self": 0.2607894999969176,
                    "children": {
                        "env_step": {
                            "total": 361.0862045999989,
                            "count": 19241,
                            "self": 278.3983428999984,
                            "children": {
                                "SubprocessEnvManager._take_step": {
                                    "total": 82.40399300000288,
                                    "count": 19241,
                                    "self": 1.3663209000013978,
                                    "children": {
                                        "TorchPolicy.evaluate": {
                                            "total": 81.03767210000149,
                                            "count": 19236,
                                            "self": 23.887152800001445,
                                            "children": {
                                                "TorchPolicy.sample_actions": {
                                                    "total": 57.15051930000004,
                                                    "count": 19236,
                                                    "self": 57.15051930000004
                                                }
                                            }
                                        }
                                    }
                                },
                                "workers": {
                                    "total": 0.28386869999758346,
                                    "count": 19240,
                                    "self": 0.0,
                                    "children": {
                                        "worker_root": {
                                            "total": 362.73630979999854,
                                            "count": 19240,
                                            "is_parallel": true,
                                            "self": 107.81797920000088,
                                            "children": {
                                                "steps_from_proto": {
                                                    "total": 0.0005219999999992453,
                                                    "count": 1,
                                                    "is_parallel": true,
                                                    "self": 0.00028879999999986694,
                                                    "children": {
                                                        "_process_rank_one_or_two_observation": {
                                                            "total": 0.00023319999999937835,
                                                            "count": 2,
                                                            "is_parallel": true,
                                                            "self": 0.00023319999999937835
                                                        }
                                                    }
                                                },
                                                "UnityEnvironment.step": {
                                                    "total": 254.91780859999767,
                                                    "count": 19240,
                                                    "is_parallel": true,
                                                    "self": 1.8185534000033101,
                                                    "children": {
                                                        "UnityEnvironment._generate_step_input": {
                                                            "total": 1.7077820999976758,
                                                            "count": 19240,
                                                            "is_parallel": true,