{"count":1,"self":6256.3205119999993,"total":26693.1178586,"children":{"InitializeActuators":{"count":2,"self":0.0009973,"total":0.0009973,"children":null},"InitializeSensors":{"count":2,"self":0.0019947999999999997,"total":0.0019947999999999997,"children":null},"AgentSendState":{"count":6896367,"self":119.3286784,"total":321.2771878,"children":{"CollectObservations":{"count":2758568,"self":25.744561599999997,"total":25.744561299999997,"children":null},"WriteActionMask":{"count":2758568,"self":13.2328488,"total":13.232848899999999,"children":null},"RequestDecision":{"count":2758568,"self":38.268768,"total":162.9710988,"children":{"AgentInfo.ToProto":{"count":2758568,"self":37.337017599999996,"total":124.7023318,"children":{"GenerateSensorData":{"count":2758568,"self":87.365312,"total":87.3653145,"children":null}}}}}}},"DecideAction":{"count":6896367,"self":16444.0195072,"total":16444.0195089,"children":null},"AgentAct":{"count":6896367,"self":3671.4463232,"total":3671.4462676999997,"children":null},"AgentInfo.ToProto":{"count":1140,"self":0.014948699999999999,"total":0.048513999999999995,"children":{"GenerateSensorData":{"count":1140,"self":0.0335653,"total":0.0335653,"children":null}}}},"gauges":{"enemyAI.CumulativeReward":{"count":1140,"max":13.285903,"min":-829.428162,"runningAverage":-29.378849,"value":-45.83018,"weightedAverage":-23.2224274}},"metadata":{"timer_format_version":"0.1.0","start_time_seconds":"1640922787","unity_version":"2020.3.19f1","command_line_arguments":"C:\\Program Files\\Unity\\Hub\\Editor\\2020.3.19f1\\Editor\\Unity.exe -projectpath C:\/Users\/Mateusz\/Documents\/GitHub\/Enemy-AI-Project -useHub -hubIPC -cloudEnvironment production -hubSessionId 75745fc0-6994-11ec-8a77-1b62d0ad2284","communication_protocol_version":"1.5.0","com.unity.ml-agents_version":"2.1.0-exp.1","scene_name":"MainScene","end_time_seconds":"1640949480"}}