{"count":1,"self":1625.7086464,"total":3821.5117084,"children":{"InitializeActuators":{"count":2,"self":0.0039905999999999995,"total":0.0039905999999999995,"children":null},"InitializeSensors":{"count":2,"self":0.0021214,"total":0.0021214,"children":null},"AgentSendState":{"count":960351,"self":18.729484799999998,"total":192.19209089999998,"children":{"CollectObservations":{"count":384142,"self":2.0272322,"total":2.0272322,"children":null},"WriteActionMask":{"count":384142,"self":2.3050078,"total":2.3050078,"children":null},"RequestDecision":{"count":384142,"self":7.053668,"total":169.1303657,"children":{"AgentInfo.ToProto":{"count":384142,"self":8.0687424,"total":162.07669769999998,"children":{"GenerateSensorData":{"count":384142,"self":154.00794879999998,"total":154.0079549,"children":null}}}}}}},"DecideAction":{"count":960351,"self":1618.2039551999999,"total":1618.2039241999998,"children":null},"AgentAct":{"count":960351,"self":385.2095744,"total":385.20957549999997,"children":null},"AgentInfo.ToProto":{"count":422,"self":0.014990499999999999,"total":0.19037859999999998,"children":{"GenerateSensorData":{"count":422,"self":0.1753881,"total":0.1753881,"children":null}}}},"gauges":{"enemyAI.CumulativeReward":{"count":422,"max":8.150999,"min":-409.999084,"runningAverage":-157.227036,"value":-26.2517948,"weightedAverage":-25.82846}},"metadata":{"timer_format_version":"0.1.0","start_time_seconds":"1638744341","unity_version":"2020.3.19f1","command_line_arguments":"C:\\Program Files\\Unity\\Hub\\Editor\\2020.3.19f1\\Editor\\Unity.exe -projectpath C:\/Users\/Mateusz\/Documents\/GitHub\/Enemy-AI-Project -useHub -hubIPC -cloudEnvironment production -hubSessionId 0da25af0-5602-11ec-a367-c1b71b35cc72 -accessToken JzK5VhacAoLItWpekPP0UkBLongHi1AkohiPqryX4QA012f","communication_protocol_version":"1.5.0","com.unity.ml-agents_version":"2.1.0-exp.1","scene_name":"MainScene","end_time_seconds":"1638748163"}}