{"count":1,"self":4.67259,"total":22.7467881,"children":{"InitializeActuators":{"count":2,"self":0.0025307999999999997,"total":0.0025307999999999997,"children":null},"InitializeSensors":{"count":2,"self":0.0019944999999999997,"total":0.0019944999999999997,"children":null},"AgentSendState":{"count":3026,"self":0.0697453,"total":0.506809,"children":{"CollectObservations":{"count":1212,"self":0.0019814999999999998,"total":0.0019814999999999998,"children":null},"WriteActionMask":{"count":1212,"self":0.0069831,"total":0.0069831,"children":null},"RequestDecision":{"count":1212,"self":0.0221365,"total":0.42809909999999995,"children":{"AgentInfo.ToProto":{"count":1212,"self":0.024813099999999998,"total":0.4059626,"children":{"GenerateSensorData":{"count":1212,"self":0.3811495,"total":0.3811495,"children":null}}}}}}},"DecideAction":{"count":3026,"self":17.5259168,"total":17.5259172,"children":null},"AgentAct":{"count":3026,"self":0.034952899999999995,"total":0.034952899999999995,"children":null}},"gauges":{},"metadata":{"timer_format_version":"0.1.0","start_time_seconds":"1639066121","unity_version":"2020.3.19f1","command_line_arguments":"C:\\Program Files\\Unity\\Hub\\Editor\\2020.3.19f1\\Editor\\Unity.exe -projectpath C:\/Users\/Mateusz\/Documents\/GitHub\/Enemy-AI-Project -useHub -hubIPC -cloudEnvironment production -hubSessionId 7152aa70-58e9-11ec-b454-07fb7770b074 -accessToken 7mjE3rfH2MmgXW8N8-IarydlXCugUZYOu1cUYcFf00s012f","communication_protocol_version":"1.5.0","com.unity.ml-agents_version":"2.1.0-exp.1","scene_name":"MainScene","end_time_seconds":"1639066143"}}