{"count":1,"self":3231.5650047999998,"total":12978.957859999999,"children":{"InitializeActuators":{"count":2,"self":0.0009841,"total":0.0009841,"children":null},"InitializeSensors":{"count":2,"self":0.0009979,"total":0.0009979,"children":null},"AgentSendState":{"count":3732034,"self":63.113023999999996,"total":678.48752949999994,"children":{"CollectObservations":{"count":1492826,"self":15.1784144,"total":15.1784146,"children":null},"WriteActionMask":{"count":1492826,"self":7.6637792,"total":7.6637790999999993,"children":null},"RequestDecision":{"count":1492826,"self":22.9582272,"total":592.5323149,"children":{"AgentInfo.ToProto":{"count":1492826,"self":27.7945696,"total":569.574088,"children":{"GenerateSensorData":{"count":1492826,"self":541.7795072,"total":541.7795183,"children":null}}}}}}},"DecideAction":{"count":3732034,"self":8649.2446719999989,"total":8649.2449351,"children":null},"AgentAct":{"count":3732034,"self":419.2591872,"total":419.2591811,"children":null},"AgentInfo.ToProto":{"count":678,"self":0.022881099999999998,"total":0.3982841,"children":{"GenerateSensorData":{"count":678,"self":0.375403,"total":0.375403,"children":null}}}},"gauges":{"enemyAI.CumulativeReward":{"count":678,"max":-3.934595,"min":-1346.48987,"runningAverage":-210.070145,"value":-5.55997038,"weightedAverage":-5.661951}},"metadata":{"timer_format_version":"0.1.0","start_time_seconds":"1640644505","unity_version":"2020.3.19f1","command_line_arguments":"C:\\Program Files\\Unity\\Hub\\Editor\\2020.3.19f1\\Editor\\Unity.exe -projectpath C:\/Users\/Mateusz\/Documents\/GitHub\/Enemy-AI-Project -useHub -hubIPC -cloudEnvironment production -hubSessionId 58f7d300-674a-11ec-9f8c-c9821bcd9829","communication_protocol_version":"1.5.0","com.unity.ml-agents_version":"2.1.0-exp.1","scene_name":"MainScene","end_time_seconds":"1640657484"}}