{
    "name": "root",
    "gauges": {
        "enemyAI.Policy.Entropy.mean": {
            "value": 13.432221412658691,
            "min": 13.432221412658691,
            "max": 13.463286399841309,
            "count": 4
        },
        "enemyAI.Policy.Entropy.sum": {
            "value": 262170.09375,
            "min": 262170.09375,
            "max": 294522.84375,
            "count": 4
        },
        "enemyAI.Step.mean": {
            "value": 39505.0,
            "min": 9914.0,
            "max": 39505.0,
            "count": 4
        },
        "enemyAI.Step.sum": {
            "value": 39505.0,
            "min": 9914.0,
            "max": 39505.0,
            "count": 4
        },
        "enemyAI.Policy.ExtrinsicValueEstimate.mean": {
            "value": -6.460524559020996,
            "min": -6.460524559020996,
            "max": 0.0,
            "count": 4
        },
        "enemyAI.Policy.ExtrinsicValueEstimate.sum": {
            "value": -64.6052474975586,
            "min": -64.6052474975586,
            "max": 0.0,
            "count": 4
        },
        "enemyAI.Environment.EpisodeLength.mean": {
            "value": 2438.75,
            "min": 2438.75,
            "max": 2999.0,
            "count": 4
        },
        "enemyAI.Environment.EpisodeLength.sum": {
            "value": 19510.0,
            "min": 17994.0,
            "max": 19820.0,
            "count": 4
        },
        "enemyAI.Self-play.ELO.mean": {
            "value": 1198.0086179957034,
            "min": 1198.0086179957034,
            "max": 1198.7535925691843,
            "count": 4
        },
        "enemyAI.Self-play.ELO.sum": {
            "value": 4792.034471982814,
            "min": 3594.02585398711,
            "max": 4795.014370276737,
            "count": 4
        },
        "enemyAI.Environment.CumulativeReward.mean": {
            "value": -3298.689178466797,
            "min": -4153.7973225911455,
            "max": -3298.689178466797,
            "count": 4
        },
        "enemyAI.Environment.CumulativeReward.sum": {
            "value": -13194.756713867188,
            "min": -15096.947021484375,
            "max": -12461.391967773438,
            "count": 4
        },
        "enemyAI.Policy.ExtrinsicReward.mean": {
            "value": -3298.689178466797,
            "min": -4153.7973225911455,
            "max": -3298.689178466797,
            "count": 4
        },
        "enemyAI.Policy.ExtrinsicReward.sum": {
            "value": -13194.756713867188,
            "min": -15096.947021484375,
            "max": -12461.391967773438,
            "count": 4
        },
        "enemyAI.IsTraining.mean": {
            "value": 1.0,
            "min": 1.0,
            "max": 1.0,
            "count": 4
        },
        "enemyAI.IsTraining.sum": {
            "value": 1.0,
            "min": 1.0,
            "max": 1.0,
            "count": 4
        },
        "enemyAI.Losses.PolicyLoss.mean": {
            "value": 0.03737943946859256,
            "min": 0.03737943946859256,
            "max": 0.03737943946859256,
            "count": 1
        },
        "enemyAI.Losses.PolicyLoss.sum": {
            "value": 0.03737943946859256,
            "min": 0.03737943946859256,
            "max": 0.03737943946859256,
            "count": 1
        },
        "enemyAI.Losses.ValueLoss.mean": {
            "value": 607.5122121175131,
            "min": 607.5122121175131,
            "max": 607.5122121175131,
            "count": 1
        },
        "enemyAI.Losses.ValueLoss.sum": {
            "value": 607.5122121175131,
            "min": 607.5122121175131,
            "max": 607.5122121175131,
            "count": 1
        },
        "enemyAI.Policy.LearningRate.mean": {
            "value": 0.0002979254006915333,
            "min": 0.0002979254006915333,
            "max": 0.0002979254006915333,
            "count": 1
        },
        "enemyAI.Policy.LearningRate.sum": {
            "value": 0.0002979254006915333,
            "min": 0.0002979254006915333,
            "max": 0.0002979254006915333,
            "count": 1
        },
        "enemyAI.Policy.Epsilon.mean": {
            "value": 0.19930846666666663,
            "min": 0.19930846666666663,
            "max": 0.19930846666666663,
            "count": 1
        },
        "enemyAI.Policy.Epsilon.sum": {
            "value": 0.19930846666666663,
            "min": 0.19930846666666663,
            "max": 0.19930846666666663,
            "count": 1
        },
        "enemyAI.Policy.Beta.mean": {
            "value": 0.002979323153333333,
            "min": 0.002979323153333333,
            "max": 0.002979323153333333,
            "count": 1
        },
        "enemyAI.Policy.Beta.sum": {
            "value": 0.002979323153333333,
            "min": 0.002979323153333333,
            "max": 0.002979323153333333,
            "count": 1
        }
    },
    "metadata": {
        "timer_format_version": "0.1.0",
        "start_time_seconds": "1639665032",
        "python_version": "3.8.8 (tags/v3.8.8:024d805, Feb 19 2021, 13:18:16) [MSC v.1928 64 bit (AMD64)]",
        "command_line_arguments": "C:\\Users\\Mateusz\\Documents\\GitHub\\Enemy-AI-Project\\venv\\Scripts\\mlagents-learn config\\enemyAI.yaml --run-id=MattTest2 --time-scale=10 --resume",
        "mlagents_version": "0.27.0",
        "mlagents_envs_version": "0.27.0",
        "communication_protocol_version": "1.5.0",
        "pytorch_version": "1.7.0+cu110",
        "numpy_version": "1.21.4",
        "end_time_seconds": "1639666784"
    },
    "total": 1751.757374,
    "count": 1,
    "self": 0.006547700000055556,
    "children": {
        "run_training.setup": {
            "total": 0.12501879999999987,
            "count": 1,
            "self": 0.12501879999999987
        },
        "TrainerController.start_learning": {
            "total": 1751.6258075,
            "count": 1,
            "self": 1.2635288000010405,
            "children": {
                "TrainerController._reset_env": {
                    "total": 13.302604899999999,
                    "count": 1,
                    "self": 13.302604899999999
                },
                "TrainerController.advance": {
                    "total": 1736.7225023999993,
                    "count": 49356,
                    "self": 0.5818444000076397,
                    "children": {
                        "env_step": {
                            "total": 1736.1406579999916,
                            "count": 49356,
                            "self": 652.510879599987,
                            "children": {
                                "SubprocessEnvManager._take_step": {
                                    "total": 1083.0367953999973,
                                    "count": 49356,
                                    "self": 6.8308445999825835,
                                    "children": {
                                        "TorchPolicy.evaluate": {
                                            "total": 1076.2059508000148,
                                            "count": 98674,
                                            "self": 152.690733500026,
                                            "children": {
                                                "TorchPolicy.sample_actions": {
                                                    "total": 923.5152172999888,
                                                    "count": 98674,
                                                    "self": 923.5152172999888
                                                }
                                            }
                                        }
                                    }
                                },
                                "workers": {
                                    "total": 0.5929830000073615,
                                    "count": 49355,
                                    "self": 0.0,