{"cameraMode":{"drawMode":0,"name":"Shaded","section":"Shading Mode"},"sceneLighting":false,"audioPlay":false,"sceneViewState":{"m_AlwaysRefresh":false,"showFog":false,"showSkybox":false,"showFlares":false,"showImageEffects":false,"showParticleSystems":false,"showVisualEffectGraphs":true,"m_FxEnabled":true},"in2DMode":false,"pivot":{"x":-0.20547327399253846,"y":1.5782215595245362,"z":-1.0131186246871949},"rotation":{"x":-0.0017438553040847183,"y":0.9972847104072571,"z":0.02512740157544613,"w":0.06922360509634018},"size":1.207395076751709,"orthographic":false}