{
    "name": "root",
    "metadata": {
        "timer_format_version": "0.1.0",
        "start_time_seconds": "1638318727",
        "python_version": "3.8.8 (tags/v3.8.8:024d805, Feb 19 2021, 13:18:16) [MSC v.1928 64 bit (AMD64)]",
        "command_line_arguments": "C:\\Users\\Mateusz\\Documents\\GitHub\\Enemy-AI-Project\\venv\\Scripts\\mlagents-learn config\\enemyAI.yaml --run-id=test2",
        "mlagents_version": "0.27.0",
        "mlagents_envs_version": "0.27.0",
        "communication_protocol_version": "1.5.0",
        "pytorch_version": "1.7.0+cu110",
        "numpy_version": "1.21.4",
        "end_time_seconds": "1638318751"
    },
    "total": 23.6917278,
    "count": 1,
    "self": 0.01166109999999776,
    "children": {
        "run_training.setup": {
            "total": 0.1160772000000001,
            "count": 1,
            "self": 0.1160772000000001
        },
        "TrainerController.start_learning": {
            "total": 23.5639895,
            "count": 1,
            "self": 0.02018659999998107,
            "children": {
                "TrainerController._reset_env": {
                    "total": 13.381623900000001,
                    "count": 1,
                    "self": 13.381623900000001
                },
                "TrainerController.advance": {
                    "total": 10.034897800000016,
                    "count": 787,
                    "self": 0.008672400000067526,
                    "children": {
                        "env_step": {
                            "total": 10.026225399999948,
                            "count": 787,
                            "self": 6.869047899999979,
                            "children": {
                                "SubprocessEnvManager._take_step": {
                                    "total": 3.1487115999999453,
                                    "count": 787,
                                    "self": 0.04268969999993644,
                                    "children": {
                                        "TorchPolicy.evaluate": {
                                            "total": 3.106021900000009,
                                            "count": 787,
                                            "self": 0.8631049000000193,
                                            "children": {
                                                "TorchPolicy.sample_actions": {
                                                    "total": 2.2429169999999896,
                                                    "count": 787,
                                                    "self": 2.2429169999999896
                                                }
                                            }
                                        }
                                    }
                                },
                                "workers": {
                                    "total": 0.008465900000024007,
                                    "count": 786,
                                    "self": 0.0,
                                    "children": {
                                        "worker_root": {
                                            "total": 11.484169099999939,
                                            "count": 786,
                                            "is_parallel": true,
                                            "self": 5.404294599999936,
                                            "children": {
                                                "steps_from_proto": {
                                                    "total": 0.0004127000000000436,
                                                    "count": 1,
                                                    "is_parallel": true,
                                                    "self": 0.0002457000000006815,
                                                    "children": {
                                                        "_process_rank_one_or_two_observation": {
                                                            "total": 0.0001669999999993621,
                                                            "count": 2,
                                                            "is_parallel": true,
                                                            "self": 0.0001669999999993621
                                                        }
                                                    }
                                                },
                                                "UnityEnvironment.step": {
                                                    "total": 6.0794618000000025,
                                                    "count": 786,
                                                    "is_parallel": true,
                                                    "self": 0.06347099999993233,
                                                    "children": {
                                                        "UnityEnvironment._generate_step_input": {
                                                            "total": 0.0641447000000106,
                                                            "count": 786,
                                                            "is_parallel": true,
                                                            "self": 0.0641447000000106
                                                        },
                                                        "communicator.exchange": {
                                                            "total": 5.7304603000000665,
                                                            "count": 786,
                                                            "is_parallel": true,
                                                            "self": 5.7304603000000665
                                                        },
                                                        "steps_from_proto": {
                                                            "total": 0.22138579999999308,
                                                            "count": 786,
                                                            "is_parallel": true,
                                                            "self": 0.1441890000000825,
                                                            "children": {
                                                                "_process_rank_one_or_two_observation": {
                                                                    "total": 0.07719679999991058,
                                                                    "count": 1572,
                                                                    "is_parallel": true,
                                                                    "self": 0.07719679999991058
                                                                }
                                                            }
                                                        }
                                                    }
                                                }
                                            }
                                        }
                                    }
                                }
                            }
                        }
                    }
                },
                "trainer_threads": {
                    "total": 1.5199999999992997e-05,
                    "count": 1,
                    "self": 1.5199999999992997e-05,
                    "children": {
                        "thread_root": {
                            "total": 0.0,
                            "count": 0,
                            "is_parallel": true,
                            "self": 0.0,