{
    "name": "root",
    "metadata": {
        "timer_format_version": "0.1.0",
        "start_time_seconds": "1640921465",
        "python_version": "3.8.8 (tags/v3.8.8:024d805, Feb 19 2021, 13:18:16) [MSC v.1928 64 bit (AMD64)]",
        "command_line_arguments": "C:\\Users\\Mateusz\\Documents\\GitHub\\Enemy-AI-Project\\venv\\Scripts\\mlagents-learn config\\enemyAISelfPlayTraining.yaml --run-id=EnemyAI --time-scale=10 --resume",
        "mlagents_version": "0.27.0",
        "mlagents_envs_version": "0.27.0",
        "communication_protocol_version": "1.5.0",
        "pytorch_version": "1.7.0+cu110",
        "numpy_version": "1.21.4",
        "end_time_seconds": "1640921502"
    },
    "total": 36.912399900000004,
    "count": 1,
    "self": 0.007989899999998329,
    "children": {
        "run_training.setup": {
            "total": 0.12195219999999996,
            "count": 1,
            "self": 0.12195219999999996
        },
        "TrainerController.start_learning": {
            "total": 36.7824578,
            "count": 1,
            "self": 0.029755700000045238,
            "children": {
                "TrainerController._reset_env": {
                    "total": 9.2136337,
                    "count": 2,
                    "self": 9.2136337
                },
                "TrainerController.advance": {
                    "total": 27.32838479999996,
                    "count": 921,
                    "self": 0.012947199999928216,
                    "children": {
                        "env_step": {
                            "total": 27.31543760000003,
                            "count": 921,
                            "self": 18.78182679999989,
                            "children": {
                                "SubprocessEnvManager._take_step": {
                                    "total": 8.520455500000043,
                                    "count": 921,
                                    "self": 0.13554489999993535,
                                    "children": {
                                        "TorchPolicy.evaluate": {
                                            "total": 8.384910600000108,
                                            "count": 1840,
                                            "self": 2.401252500000144,
                                            "children": {
                                                "TorchPolicy.sample_actions": {
                                                    "total": 5.983658099999964,
                                                    "count": 1840,
                                                    "self": 5.983658099999964
                                                }
                                            }
                                        }
                                    }
                                },
                                "workers": {
                                    "total": 0.013155300000095238,
                                    "count": 920,
                                    "self": 0.0,
                                    "children": {
                                        "worker_root": {
                                            "total": 27.6643366,
                                            "count": 920,
                                            "is_parallel": true,
                                            "self": 11.588805400000023,
                                            "children": {
                                                "steps_from_proto": {
                                                    "total": 0.001263200000000353,
                                                    "count": 4,
                                                    "is_parallel": true,
                                                    "self": 0.0008314000000009258,
                                                    "children": {
                                                        "_process_rank_one_or_two_observation": {
                                                            "total": 0.0004317999999994271,
                                                            "count": 8,
                                                            "is_parallel": true,
                                                            "self": 0.0004317999999994271
                                                        }
                                                    }
                                                },
                                                "UnityEnvironment.step": {
                                                    "total": 16.074267999999975,
                                                    "count": 920,
                                                    "is_parallel": true,
                                                    "self": 0.12337549999993946,
                                                    "children": {
                                                        "UnityEnvironment._generate_step_input": {
                                                            "total": 0.11453330000002815,
                                                            "count": 920,
                                                            "is_parallel": true,
                                                            "self": 0.11453330000002815
                                                        },
                                                        "communicator.exchange": {
                                                            "total": 15.302907700000022,
                                                            "count": 920,
                                                            "is_parallel": true,
                                                            "self": 15.302907700000022
                                                        },
                                                        "steps_from_proto": {
                                                            "total": 0.5334514999999858,
                                                            "count": 1840,
                                                            "is_parallel": true,
                                                            "self": 0.3689728999998607,
                                                            "children": {
                                                                "_process_rank_one_or_two_observation": {
                                                                    "total": 0.16447860000012504,
                                                                    "count": 3680,
                                                                    "is_parallel": true,
                                                                    "self": 0.16447860000012504
                                                                }
                                                            }
                                                        }
                                                    }
                                                }
                                            }
                                        }
                                    }
                                }
                            }
                        }
                    }
                },
                "trainer_threads": {
                    "total": 2.619999999353695e-05,
                    "count": 1,
                    "self": 2.619999999353695e-05,
                    "children": {
                        "thread_root": {
                            "total": 0.0,
                            "count": 0,
                            "is_parallel": true,
                            "self": 0.0,