{
    "name": "root",
    "gauges": {
        "enemyAI.Policy.Entropy.mean": {
            "value": 0.08237571269273758,
            "min": 0.08237571269273758,
            "max": 0.08237571269273758,
            "count": 1
        },
        "enemyAI.Policy.Entropy.sum": {
            "value": 731.0020751953125,
            "min": 731.0020751953125,
            "max": 731.0020751953125,
            "count": 1
        },
        "enemyAI.Step.mean": {
            "value": 2239903.0,
            "min": 2239903.0,
            "max": 2239903.0,
            "count": 1
        },
        "enemyAI.Step.sum": {
            "value": 2239903.0,
            "min": 2239903.0,
            "max": 2239903.0,
            "count": 1
        },
        "enemyAI.Policy.ExtrinsicValueEstimate.mean": {
            "value": 0.030190100893378258,
            "min": 0.030190100893378258,
            "max": 0.030190100893378258,
            "count": 1
        },
        "enemyAI.Policy.ExtrinsicValueEstimate.sum": {
            "value": 0.21133071184158325,
            "min": 0.21133071184158325,
            "max": 0.21133071184158325,
            "count": 1
        },
        "enemyAI.Environment.EpisodeLength.mean": {
            "value": 886.2,
            "min": 886.2,
            "max": 886.2,
            "count": 1
        },
        "enemyAI.Environment.EpisodeLength.sum": {
            "value": 8862.0,
            "min": 8862.0,
            "max": 8862.0,
            "count": 1
        },
        "enemyAI.Self-play.ELO.mean": {
            "value": 1227.0747742253654,
            "min": 1227.0747742253654,
            "max": 1227.0747742253654,
            "count": 1
        },
        "enemyAI.Self-play.ELO.sum": {
            "value": 6135.373871126827,
            "min": 6135.373871126827,
            "max": 6135.373871126827,
            "count": 1
        },
        "enemyAI.Environment.CumulativeReward.mean": {
            "value": -5.720625400543213,
            "min": -5.720625400543213,
            "max": -5.720625400543213,
            "count": 1
        },
        "enemyAI.Environment.CumulativeReward.sum": {
            "value": -22.88250160217285,
            "min": -22.88250160217285,
            "max": -22.88250160217285,
            "count": 1
        },
        "enemyAI.Policy.ExtrinsicReward.mean": {
            "value": -5.720625400543213,
            "min": -5.720625400543213,
            "max": -5.720625400543213,
            "count": 1
        },
        "enemyAI.Policy.ExtrinsicReward.sum": {
            "value": -22.88250160217285,
            "min": -22.88250160217285,
            "max": -22.88250160217285,
            "count": 1
        },
        "enemyAI.IsTraining.mean": {
            "value": 1.0,
            "min": 1.0,
            "max": 1.0,
            "count": 1
        },
        "enemyAI.IsTraining.sum": {
            "value": 1.0,
            "min": 1.0,
            "max": 1.0,
            "count": 1
        }
    },
    "metadata": {
        "timer_format_version": "0.1.0",
        "start_time_seconds": "1642412722",
        "python_version": "3.8.8 (tags/v3.8.8:024d805, Feb 19 2021, 13:18:16) [MSC v.1928 64 bit (AMD64)]",
        "command_line_arguments": "C:\\Users\\Mateusz\\Desktop\\EventAI build\\venv\\Scripts\\mlagents-learn Config/enemyAISelfPlayTraining.yaml --env=Maps/Training/Enemy-AI-Project --run-id=EnemyAI --time-scale=10 --width=1280 --height=720 --resume",
        "mlagents_version": "0.27.0",
        "mlagents_envs_version": "0.27.0",
        "communication_protocol_version": "1.5.0",
        "pytorch_version": "1.7.1+cpu",
        "numpy_version": "1.22.0",
        "end_time_seconds": "1642412792"
    },
    "total": 69.2749784,
    "count": 1,
    "self": 0.15041279999999801,
    "children": {
        "run_training.setup": {
            "total": 0.12713050000000004,
            "count": 1,
            "self": 0.12713050000000004
        },
        "TrainerController.start_learning": {
            "total": 68.99743509999999,
            "count": 1,
            "self": 0.2105203999999361,
            "children": {
                "TrainerController._reset_env": {
                    "total": 6.705749399999999,
                    "count": 2,
                    "self": 6.705749399999999
                },
                "TrainerController.advance": {
                    "total": 61.96739900000004,
                    "count": 7578,
                    "self": 0.1004125000000613,
                    "children": {
                        "env_step": {
                            "total": 61.86698649999998,
                            "count": 7578,
                            "self": 39.90023789999997,
                            "children": {
                                "SubprocessEnvManager._take_step": {
                                    "total": 21.8675098000002,
                                    "count": 7578,
                                    "self": 0.7305046000004047,
                                    "children": {
                                        "TorchPolicy.evaluate": {
                                            "total": 21.137005199999795,
                                            "count": 15140,
                                            "self": 4.022723100000608,
                                            "children": {
                                                "TorchPolicy.sample_actions": {
                                                    "total": 17.114282099999187,
                                                    "count": 15140,
                                                    "self": 17.114282099999187
                                                }
                                            }
                                        }
                                    }
                                },
                                "workers": {
                                    "total": 0.09923879999981011,
                                    "count": 7577,
                                    "self": 0.0,
                                    "children": {
                                        "worker_root": {
                                            "total": 61.16177689999997,
                                            "count": 7577,
                                            "is_parallel": true,
                                            "self": 31.60257200000033,
                                            "children": {
                                                "steps_from_proto": {
                                                    "total": 0.0017775999999987135,
                                                    "count": 4,
                                                    "is_parallel": true,
                                                    "self": 0.001188899999998938,
                                                    "children": {
                                                        "_process_rank_one_or_two_observation": {
                                                            "total": 0.0005886999999997755,
                                                            "count": 8,
                                                            "is_parallel": true,
                                                            "self": 0.0005886999999997755
                                                        }
                                                    }
                                                },
                                                "UnityEnvironment.step": {
                                                    "total": 29.55742729999964,
                                                    "count": 7577,
                                                    "is_parallel": true,
                                                    "self": 0.8395142999999372,