{
    "name": "root",
    "metadata": {
        "timer_format_version": "0.1.0",
        "start_time_seconds": "1641469485",
        "python_version": "3.8.8 (tags/v3.8.8:024d805, Feb 19 2021, 13:18:16) [MSC v.1928 64 bit (AMD64)]",
        "command_line_arguments": "C:\\Users\\Mateusz\\Desktop\\EventAI build\\venv\\Scripts\\mlagents-learn config\\enemyAIPlayerTraining.yaml --run-id=EnemyAI --time-scale=10 --resume",
        "mlagents_version": "0.27.0",
        "mlagents_envs_version": "0.27.0",
        "communication_protocol_version": "1.5.0",
        "pytorch_version": "1.7.1+cpu",
        "numpy_version": "1.22.0",
        "end_time_seconds": "1641469521"
    },
    "total": 35.2301563,
    "count": 1,
    "self": 0.010795699999995634,
    "children": {
        "run_training.setup": {
            "total": 0.17753510000000006,
            "count": 1,
            "self": 0.17753510000000006
        },
        "TrainerController.start_learning": {
            "total": 35.0418255,
            "count": 1,
            "self": 0.04116470000010253,
            "children": {
                "TrainerController._reset_env": {
                    "total": 8.8272073,
                    "count": 1,
                    "self": 8.8272073
                },
                "TrainerController.advance": {
                    "total": 25.978927299999903,
                    "count": 1061,
                    "self": 0.016166499999958006,
                    "children": {
                        "env_step": {
                            "total": 25.962760799999945,
                            "count": 1061,
                            "self": 21.96234709999979,
                            "children": {
                                "SubprocessEnvManager._take_step": {
                                    "total": 3.983254500000074,
                                    "count": 1061,
                                    "self": 0.14240529999996632,
                                    "children": {
                                        "TorchPolicy.evaluate": {
                                            "total": 3.8408492000001075,
                                            "count": 2120,
                                            "self": 0.7355029000001103,
                                            "children": {
                                                "TorchPolicy.sample_actions": {
                                                    "total": 3.1053462999999972,
                                                    "count": 2120,
                                                    "self": 3.1053462999999972
                                                }
                                            }
                                        }
                                    }
                                },
                                "workers": {
                                    "total": 0.01715920000008353,
                                    "count": 1060,
                                    "self": 0.0,
                                    "children": {
                                        "worker_root": {
                                            "total": 24.677888799999977,
                                            "count": 1060,
                                            "is_parallel": true,
                                            "self": 5.795387500000018,
                                            "children": {
                                                "steps_from_proto": {
                                                    "total": 0.0008515000000013373,
                                                    "count": 2,
                                                    "is_parallel": true,
                                                    "self": 0.0006117000000003259,
                                                    "children": {
                                                        "_process_rank_one_or_two_observation": {
                                                            "total": 0.00023980000000101143,
                                                            "count": 4,
                                                            "is_parallel": true,
                                                            "self": 0.00023980000000101143
                                                        }
                                                    }
                                                },
                                                "UnityEnvironment.step": {
                                                    "total": 18.88164979999996,
                                                    "count": 1060,
                                                    "is_parallel": true,
                                                    "self": 0.15810839999997484,
                                                    "children": {
                                                        "UnityEnvironment._generate_step_input": {
                                                            "total": 0.14637700000001708,
                                                            "count": 1060,
                                                            "is_parallel": true,
                                                            "self": 0.14637700000001708
                                                        },
                                                        "communicator.exchange": {
                                                            "total": 17.830089500000007,
                                                            "count": 1060,
                                                            "is_parallel": true,
                                                            "self": 17.830089500000007
                                                        },
                                                        "steps_from_proto": {
                                                            "total": 0.7470748999999621,
                                                            "count": 2120,
                                                            "is_parallel": true,
                                                            "self": 0.5151477999997418,
                                                            "children": {
                                                                "_process_rank_one_or_two_observation": {
                                                                    "total": 0.23192710000022032,
                                                                    "count": 4240,
                                                                    "is_parallel": true,
                                                                    "self": 0.23192710000022032
                                                                }
                                                            }
                                                        }
                                                    }
                                                }
                                            }
                                        }
                                    }
                                }
                            }
                        }
                    }
                },
                "trainer_threads": {
                    "total": 2.8999999997836312e-05,
                    "count": 1,
                    "self": 2.8999999997836312e-05,
                    "children": {
                        "thread_root": {
                            "total": 0.0,
                            "count": 0,
                            "is_parallel": true,
                            "self": 0.0,