{"cameraMode":{"drawMode":0,"name":"Shaded","section":"Shading Mode"},"sceneLighting":true,"audioPlay":false,"sceneViewState":{"m_AlwaysRefresh":false,"showFog":true,"showSkybox":true,"showFlares":true,"showImageEffects":true,"showParticleSystems":true,"showVisualEffectGraphs":true,"m_FxEnabled":true},"in2DMode":false,"pivot":{"x":22.614524841308595,"y":-38.15488052368164,"z":-0.8465232849121094},"rotation":{"x":0.48411527276039126,"y":0.25462207198143008,"z":-0.14957469701766969,"w":0.8237448334693909},"size":44.289642333984378,"orthographic":false}