{"cameraMode":{"drawMode":0,"name":"Shaded","section":"Shading Mode"},"sceneLighting":false,"audioPlay":false,"sceneViewState":{"m_AlwaysRefresh":false,"showFog":false,"showSkybox":false,"showFlares":false,"showImageEffects":false,"showParticleSystems":false,"showVisualEffectGraphs":true,"m_FxEnabled":true},"in2DMode":false,"pivot":{"x":0.04991590976715088,"y":0.911803662776947,"z":0.0016782879829406739},"rotation":{"x":-0.1033991277217865,"y":0.740623950958252,"z":-0.11716806143522263,"w":-0.6535164713859558},"size":1.0798364877700806,"orthographic":false}