{"cameraMode":{"drawMode":0,"name":"Shaded","section":"Shading Mode"},"sceneLighting":false,"audioPlay":false,"sceneViewState":{"m_AlwaysRefresh":false,"showFog":false,"showSkybox":false,"showFlares":false,"showImageEffects":false,"showParticleSystems":false,"showVisualEffectGraphs":true,"m_FxEnabled":true},"in2DMode":false,"pivot":{"x":-0.00020840764045715332,"y":1.1681761741638184,"z":0.8917754888534546},"rotation":{"x":0.27668893337249758,"y":0.6648970246315002,"z":-0.2923981547355652,"w":0.6291753053665161},"size":1.7218300104141236,"orthographic":false}